0.00;22.5
0.50;22.5
1.00;22.5
1.50;22.5
2.00;22.5
2.50;22.5
3.00;22.5
3.50;22.5
4.00;22.5
4.50;22.5
5.00;22.5
5.50;22.5
6.00;22.5
6.50;22.5
7.00;22.5
7.50;22.5
8.00;22.5
8.50;22.5
9.00;22.5
9.50;22.5
10.00;22.5
10.50;22.5
11.00;22.5
11.50;22.5
12.00;22.5
12.50;22.5
13.00;22.5
13.50;22.75
14.00;22.75
14.50;23.00
15.00;23.00
15.50;23.00
16.00;23.25
16.50;23.25
17.00;23.25
17.50;23.25
18.00;23.5
18.50;23.5
19.00;23.5
19.50;23.5
20.00;23.5
20.50;23.75
21.00;23.75
21.50;23.75
22.00;23.75
22.50;24.00
23.00;24.00
23.50;24.00
24.00;24.00
24.50;24.25
25.00;24.25
25.50;24.25
26.00;24.25
26.50;24.25
27.00;24.25
27.50;24.25
28.00;24.25
28.50;24.25
29.00;24.5
29.50;24.5
30.00;24.5
30.50;24.5
31.00;24.5
31.50;24.5
32.00;24.75
32.50;24.75
33.00;24.75
33.50;24.75
34.00;24.75
34.50;24.75
35.00;25.00
35.50;25.00
36.00;25.00
36.50;25.00
37.00;25.00
37.50;25.00
38.00;25.00
38.50;25.25
39.00;25.25
39.50;25.25
40.00;25.25
40.50;25.25
41.00;25.25
41.50;25.5
42.00;25.5
42.50;25.5
43.00;25.5
43.50;25.5
44.00;25.5
44.50;25.5
45.00;25.75
45.50;25.75
46.00;25.75
46.50;25.75
47.00;25.75
47.50;26.00
48.00;26.00
48.50;26.00
49.00;26.00
49.50;26.25
50.00;26.25
50.50;26.25
51.00;26.25
51.50;26.25
52.00;26.5
52.50;26.5
53.00;26.5
53.50;26.5
54.00;26.75
54.50;26.75
55.00;26.75
55.50;26.75
56.00;26.75
56.50;26.75
57.00;27.00
57.50;27.00
58.00;27.00
58.50;27.00
59.00;27.00
59.50;27.25
60.00;27.25
60.50;27.25
61.00;27.5
61.50;27.5
62.00;27.75
62.50;27.75
63.00;28.00
63.50;28.00
64.00;28.25
64.50;28.25
65.00;28.5
65.50;28.5
66.00;28.5
66.50;28.5
67.00;28.5
67.50;28.5
68.00;28.5
68.50;28.5
69.00;28.75
69.50;28.75
70.00;28.75
70.50;28.75
71.00;28.75
71.50;28.75
72.00;28.75
72.50;28.75
73.00;28.75
73.50;28.75
74.00;28.75
74.50;28.75
75.00;28.75
75.50;28.75
76.00;28.75
76.50;28.75
77.00;28.75
77.50;28.75
78.00;28.75
78.50;28.75
79.00;28.75
79.50;29.00
80.00;29.00
80.50;29.00
81.00;29.00
81.50;29.00
82.00;29.25
82.50;29.25
83.00;29.25
83.50;29.25
84.00;29.25
84.50;29.25
85.00;29.25
85.50;29.25
86.00;29.25
86.50;29.5
87.00;29.5
87.50;29.5
88.00;29.5
88.50;29.75
89.00;29.75
89.50;30.00
90.00;30.00
90.50;30.00
91.00;30.25
91.50;30.25
92.00;30.25
92.50;30.5
93.00;30.5
93.50;30.5
94.00;30.5
94.50;30.5
95.00;30.75
95.50;30.75
96.00;30.75
96.50;30.75
97.00;30.75
97.50;30.75
98.00;30.75
98.50;30.75
99.00;30.75
99.50;30.75
100.00;30.75
100.50;30.75
101.00;30.75
101.50;30.75
102.00;30.75
102.50;31.00
103.00;31.00
103.50;31.00
104.00;31.00
104.50;31.00
105.00;31.00
105.50;31.25
106.00;31.25
106.50;31.25
107.00;31.25
107.50;31.25
108.00;31.5
108.50;31.5
109.00;31.5
109.50;31.75
110.00;31.75
110.50;31.75
111.00;31.75
111.50;31.75
112.00;31.75
112.50;31.75
113.00;31.75
113.50;31.75
114.00;31.75
114.50;31.75
115.00;31.75
115.50;31.75
116.00;31.75
116.50;31.75
117.00;32.00
117.50;32.00
118.00;32.25
118.50;32.25
119.00;32.5
119.50;32.5
120.00;32.5
120.50;32.5
121.00;32.5
121.50;32.5
122.00;32.5
122.50;32.5
123.00;32.5
123.50;32.5
124.00;32.25
124.50;32.25
125.00;32.25
125.50;32.5
126.00;32.5
126.50;32.5
127.00;32.5
127.50;32.75
128.00;32.75
128.50;33.00
129.00;33.00
129.50;33.00
130.00;33.25
130.50;33.25
131.00;33.25
131.50;33.25
132.00;33.25
132.50;33.25
133.00;33.25
133.50;33.25
134.00;33.25
134.50;33.25
135.00;33.25
135.50;33.25
136.00;33.25
136.50;33.25
137.00;33.25
137.50;33.25
138.00;33.25
138.50;33.25
139.00;33.25
139.50;33.25
140.00;33.5
140.50;33.5
141.00;33.5
141.50;33.5
142.00;33.5
142.50;33.5
143.00;33.5
143.50;33.5
144.00;33.75
144.50;33.75
145.00;33.75
145.50;34.00
146.00;34.00
146.50;34.00
147.00;34.00
147.50;34.25
148.00;34.25
148.50;34.25
149.00;34.25
149.50;34.25
150.00;34.25
150.50;34.25
151.00;34.25
151.50;34.5
152.00;34.5
152.50;34.5
153.00;34.5
153.50;34.5
154.00;34.5
154.50;34.5
155.00;34.75
155.50;34.75
156.00;34.75
156.50;35.00
157.00;35.00
157.50;35.00
158.00;35.00
158.50;35.00
159.00;35.00
159.50;35.00
160.00;35.00
160.50;35.00
161.00;35.00
161.50;35.25
162.00;35.25
162.50;35.25
163.00;35.5
163.50;35.5
164.00;35.5
164.50;35.5
165.00;35.5
165.50;35.75
166.00;35.75
166.50;35.75
167.00;35.75
167.50;35.75
168.00;35.75
168.50;35.75
169.00;35.75
169.50;35.75
170.00;36.00
170.50;36.00
171.00;36.00
171.50;36.00
172.00;36.00
172.50;36.00
173.00;36.00
173.50;36.00
174.00;36.00
174.50;36.00
175.00;36.00
175.50;36.00
176.00;36.00
176.50;35.75
177.00;36.00
177.50;36.00
178.00;36.00
178.50;36.00
179.00;36.00
179.50;36.25
180.00;36.25
180.50;36.25
181.00;36.25
181.50;36.25
182.00;36.25
182.50;36.25
183.00;36.25
183.50;36.5
184.00;36.5
184.50;36.75
185.00;36.75
185.50;36.75
186.00;36.75
186.50;36.75
187.00;36.75
187.50;36.75
188.00;37.00
188.50;37.00
189.00;37.00
189.50;37.25
190.00;37.25
190.50;37.25
191.00;37.25
191.50;37.25
192.00;37.25
192.50;37.5
193.00;37.5
193.50;37.5
194.00;37.5
194.50;37.5
195.00;37.5
195.50;37.5
196.00;37.5
196.50;37.75
197.00;37.75
197.50;37.75
198.00;37.75
198.50;37.75
199.00;37.75
199.50;37.75
200.00;37.75
200.50;37.75
201.00;37.75
201.50;37.75
202.00;37.75
202.50;37.75
203.00;37.75
203.50;37.75
204.00;37.75
204.50;37.75
205.00;37.75
205.50;37.75
206.00;37.75
206.50;37.75
207.00;37.75
207.50;37.75
208.00;37.75
208.50;37.75
209.00;38.00
209.50;38.00
210.00;38.00
210.50;38.00
211.00;38.00
211.50;38.00
212.00;38.25
212.50;38.25
213.00;38.25
213.50;38.5
214.00;38.5
214.50;38.5
215.00;38.75
215.50;38.75
216.00;38.75
216.50;38.75
217.00;38.75
217.50;38.75
218.00;38.75
218.50;38.75
219.00;38.75
219.50;38.75
220.00;38.75
220.50;38.75
221.00;38.75
221.50;39.00
222.00;39.00
222.50;39.25
223.00;39.25
223.50;39.25
224.00;39.25
224.50;39.5
225.00;39.25
225.50;39.5
226.00;39.25
226.50;39.25
227.00;39.25
227.50;39.25
228.00;39.25
228.50;39.25
229.00;39.25
229.50;39.25
230.00;39.25
230.50;39.25
231.00;39.25
231.50;39.25
232.00;39.25
232.50;39.25
233.00;39.5
233.50;39.5
234.00;39.5
234.50;39.5
235.00;39.75
235.50;39.75
236.00;39.75
236.50;39.75
237.00;39.75
237.50;39.75
238.00;39.75
238.50;39.75
239.00;40.00
239.50;40.00
240.00;40.25
240.50;40.25
241.00;40.5
241.50;40.5
242.00;40.5
242.50;40.75
243.00;40.75
243.50;40.75
244.00;40.75
244.50;41.00
245.00;41.00
245.50;41.00
246.00;41.00
246.50;41.00
247.00;41.00
247.50;41.00
248.00;41.25
248.50;41.25
249.00;41.25
249.50;41.25
250.00;41.25
250.50;41.25
251.00;41.25
251.50;41.25
252.00;41.25
252.50;41.25
253.00;41.25
253.50;41.00
254.00;41.25
254.50;41.25
255.00;41.25
255.50;41.25
256.00;41.25
256.50;41.25
257.00;41.25
257.50;41.25
258.00;41.25
258.50;41.25
259.00;41.25
259.50;41.5
260.00;41.5
260.50;41.5
261.00;41.5
261.50;41.5
262.00;41.5
262.50;41.5
263.00;41.5
263.50;41.5
264.00;41.5
264.50;41.5
265.00;41.5
265.50;41.5
266.00;41.5
266.50;41.5
267.00;41.5
267.50;41.5
268.00;41.5
268.50;41.5
269.00;41.5
269.50;41.5
270.00;41.5
270.50;41.75
271.00;41.75
271.50;41.75
272.00;42.00
272.50;42.00
273.00;42.25
273.50;42.25
274.00;42.25
274.50;42.25
275.00;42.25
275.50;42.25
276.00;42.25
276.50;42.25
277.00;42.25
277.50;42.25
278.00;42.25
278.50;42.25
279.00;42.25
279.50;42.5
280.00;42.5
280.50;42.75
281.00;42.75
281.50;42.75
282.00;42.75
282.50;43.00
283.00;43.00
283.50;43.00
284.00;43.00
284.50;43.00
285.00;43.00
285.50;43.00
286.00;43.00
286.50;43.00
287.00;43.25
287.50;43.25
288.00;43.25
288.50;43.25
289.00;43.5
289.50;43.5
290.00;43.5
290.50;43.5
291.00;43.5
291.50;43.5
292.00;43.5
292.50;43.5
293.00;43.5
293.50;43.5
294.00;43.5
294.50;43.5
295.00;43.5
295.50;43.5
296.00;43.5
296.50;43.5
297.00;43.5
297.50;43.5
298.00;43.5
298.50;43.75
299.00;43.75
299.50;43.75
300.00;43.75
300.50;43.75
301.00;43.75
301.50;43.75
302.00;43.75
302.50;43.75
303.00;43.75
303.50;43.75
304.00;44.00
304.50;44.00
305.00;44.00
305.50;44.00
306.00;44.00
306.50;44.00
307.00;44.25
307.50;44.25
308.00;44.25
308.50;44.25
309.00;44.25
309.50;44.25
310.00;44.25
310.50;44.25
311.00;44.25
311.50;44.25
312.00;44.5
312.50;44.5
313.00;44.5
313.50;44.5
314.00;44.5
314.50;44.5
315.00;44.5
315.50;44.5
316.00;44.5
316.50;44.5
317.00;44.5
317.50;44.5
318.00;44.5
318.50;44.75
319.00;44.75
319.50;44.75
320.00;44.75
320.50;44.75
321.00;45.00
321.50;45.00
322.00;45.00
322.50;45.00
323.00;45.25
323.50;45.25
324.00;45.25
324.50;45.25
325.00;45.25
325.50;45.5
326.00;45.5
326.50;45.5
327.00;45.5
327.50;45.5
328.00;45.5
328.50;45.5
329.00;45.5
329.50;45.5
330.00;45.5
330.50;45.5
331.00;45.5
331.50;45.5
332.00;45.5
332.50;45.5
333.00;45.5
333.50;45.5
334.00;45.5
334.50;45.5
335.00;45.75
335.50;45.75
336.00;45.75
336.50;45.75
337.00;45.75
337.50;45.75
338.00;45.75
338.50;45.75
339.00;45.75
339.50;45.75
340.00;45.75
340.50;45.75
341.00;45.75
341.50;46.00
342.00;46.00
342.50;46.00
343.00;46.00
343.50;46.25
344.00;46.25
344.50;46.25
345.00;46.25
345.50;46.25
346.00;46.5
346.50;46.25
347.00;46.25
347.50;46.25
348.00;46.5
348.50;46.5
349.00;46.5
349.50;46.5
350.00;46.75
350.50;46.75
351.00;46.75
351.50;46.75
352.00;46.75
352.50;46.75
353.00;46.75
353.50;46.75
354.00;46.75
354.50;46.75
355.00;46.75
355.50;46.75
356.00;46.75
356.50;46.75
357.00;47.00
357.50;47.00
358.00;47.00
358.50;47.00
359.00;47.00
359.50;47.00
360.00;47.00
360.50;47.00
361.00;47.25
361.50;47.25
362.00;47.25
362.50;47.25
363.00;47.25
363.50;47.25
364.00;47.25
364.50;47.25
365.00;47.25
365.50;47.25
366.00;47.25
366.50;47.25
367.00;47.25
367.50;47.25
368.00;47.25
368.50;47.25
369.00;47.25
369.50;47.25
370.00;47.25
370.50;47.25
371.00;47.25
371.50;47.25
372.00;47.5
372.50;47.5
373.00;47.5
373.50;47.5
374.00;47.5
374.50;47.5
375.00;47.5
375.50;47.75
376.00;47.75
376.50;47.75
377.00;47.75
377.50;47.75
378.00;48.00
378.50;48.00
379.00;48.00
379.50;48.00
380.00;48.00
380.50;48.00
381.00;48.00
381.50;48.00
382.00;48.00
382.50;48.25
383.00;48.25
383.50;48.25
384.00;48.25
384.50;48.25
385.00;48.5
385.50;48.5
386.00;48.5
386.50;48.5
387.00;48.5
387.50;48.5
388.00;48.5
388.50;48.75
389.00;48.75
389.50;48.75
390.00;48.75
390.50;48.75
391.00;49.00
391.50;49.00
392.00;49.00
392.50;49.00
393.00;49.00
393.50;49.00
394.00;49.00
394.50;49.00
395.00;49.00
395.50;49.00
396.00;49.00
396.50;49.25
397.00;49.25
397.50;49.25
398.00;49.25
398.50;49.25
399.00;49.25
399.50;49.25
400.00;49.25
400.50;49.5
401.00;49.5
401.50;49.5
402.00;49.5
402.50;49.5
403.00;49.5
403.50;49.5
404.00;49.5
404.50;49.5
405.00;49.5
405.50;49.5
406.00;49.5
406.50;49.5
407.00;49.5
407.50;49.5
408.00;49.75
408.50;49.75
409.00;49.75
409.50;49.75
410.00;49.75
410.50;49.75
411.00;49.75
411.50;49.75
412.00;50.00
412.50;50.00
413.00;50.00
413.50;50.00
414.00;50.00
414.50;50.00
415.00;50.00
415.50;50.00
416.00;50.00
416.50;50.00
417.00;50.00
417.50;50.00
418.00;50.00
418.50;50.00
419.00;50.25
419.50;50.25
420.00;50.25
420.50;50.25
421.00;50.25
421.50;50.25
422.00;50.25
422.50;50.25
423.00;50.25
423.50;50.5
424.00;50.5
424.50;50.5
425.00;50.5
425.50;50.5
426.00;50.5
426.50;50.5
427.00;50.5
427.50;50.5
428.00;50.75
428.50;50.75
429.00;50.75
429.50;50.75
430.00;50.75
430.50;50.75
431.00;50.75
431.50;50.75
432.00;51.00
432.50;51.00
433.00;51.00
433.50;51.00
434.00;51.00
434.50;51.00
435.00;51.00
435.50;51.00
436.00;51.00
436.50;51.00
437.00;51.25
437.50;51.25
438.00;51.25
438.50;51.25
439.00;51.25
439.50;51.25
440.00;51.25
440.50;51.25
441.00;51.5
441.50;51.5
442.00;51.5
442.50;51.5
443.00;51.5
443.50;51.5
444.00;51.75
444.50;51.75
445.00;51.75
445.50;51.75
446.00;51.75
446.50;51.75
447.00;52.00
447.50;52.00
448.00;52.00
448.50;52.00
449.00;52.00
449.50;52.00
450.00;52.00
450.50;52.00
451.00;52.00
451.50;52.00
452.00;52.00
452.50;52.00
453.00;52.00
453.50;52.00
454.00;52.00
454.50;52.00
455.00;52.00
455.50;52.00
456.00;52.25
456.50;52.00
457.00;52.25
457.50;52.25
458.00;52.25
458.50;52.25
459.00;52.25
459.50;52.25
460.00;52.25
460.50;52.25
461.00;52.5
461.50;52.5
462.00;52.5
462.50;52.5
463.00;52.5
463.50;52.5
464.00;52.5
464.50;52.5
465.00;52.5
465.50;52.5
466.00;52.5
466.50;52.5
467.00;52.5
467.50;52.5
468.00;52.5
468.50;52.5
469.00;52.75
469.50;52.75
470.00;52.75
470.50;52.75
471.00;52.75
471.50;52.75
472.00;53.00
472.50;53.00
473.00;53.00
473.50;53.00
474.00;53.00
474.50;53.00
475.00;53.00
475.50;53.00
476.00;53.00
476.50;53.00
477.00;53.25
477.50;53.25
478.00;53.25
478.50;53.25
479.00;53.25
479.50;53.25
480.00;53.25
480.50;53.25
481.00;53.25
481.50;53.5
482.00;53.5
482.50;53.5
483.00;53.5
483.50;53.5
484.00;53.5
484.50;53.5
485.00;53.5
485.50;53.5
486.00;53.75
486.50;53.75
487.00;53.75
487.50;53.75
488.00;53.75
488.50;53.75
489.00;53.75
489.50;53.75
490.00;54.00
490.50;54.00
491.00;54.00
491.50;54.00
492.00;54.00
492.50;54.00
493.00;54.00
493.50;54.00
494.00;54.25
494.50;54.25
495.00;54.25
495.50;54.25
496.00;54.25
496.50;54.25
497.00;54.5
497.50;54.5
498.00;54.5
498.50;54.5
499.00;54.5
499.50;54.5
500.00;54.5
500.50;54.5
501.00;54.75
501.50;54.75
502.00;54.75
502.50;54.75
503.00;54.75
503.50;54.75
504.00;54.75
504.50;54.75
505.00;54.75
505.50;54.75
506.00;54.75
506.50;54.75
507.00;54.75
507.50;54.75
508.00;55.00
508.50;55.00
509.00;55.00
509.50;55.00
510.00;55.25
510.50;55.25
511.00;55.25
511.50;55.25
512.00;55.25
512.50;55.25
513.00;55.25
513.50;55.25
514.00;55.25
514.50;55.5
515.00;55.5
515.50;55.5
516.00;55.5
516.50;55.5
517.00;55.5
517.50;55.5
518.00;55.5
518.50;55.5
519.00;55.5
519.50;55.5
520.00;55.5
520.50;55.5
521.00;55.5
521.50;55.75
522.00;55.75
522.50;55.75
523.00;55.75
523.50;55.75
524.00;55.75
524.50;56.00
525.00;56.00
525.50;56.00
526.00;56.00
526.50;56.00
527.00;56.00
527.50;56.00
528.00;56.00
528.50;56.00
529.00;56.00
529.50;56.00
530.00;56.00
530.50;56.00
531.00;56.25
531.50;56.25
532.00;56.25
532.50;56.25
533.00;56.25
533.50;56.25
534.00;56.25
534.50;56.5
535.00;56.5
535.50;56.5
536.00;56.5
536.50;56.5
537.00;56.5
537.50;56.75
538.00;56.75
538.50;56.75
539.00;56.75
539.50;56.75
540.00;56.75
540.50;56.75
541.00;56.75
541.50;56.75
542.00;56.75
542.50;56.75
543.00;57.00
543.50;57.00
544.00;57.00
544.50;57.00
545.00;57.00
545.50;57.00
546.00;57.00
546.50;57.25
547.00;57.25
547.50;57.25
548.00;57.25
548.50;57.25
549.00;57.25
549.50;57.25
550.00;57.25
550.50;57.25
551.00;57.5
551.50;57.5
552.00;57.5
552.50;57.5
553.00;57.5
553.50;57.5
554.00;57.5
554.50;57.5
555.00;57.5
555.50;57.5
556.00;57.5
556.50;57.5
557.00;57.5
557.50;57.5
558.00;57.75
558.50;57.75
559.00;57.75
559.50;57.75
560.00;57.75
560.50;58.00
561.00;58.00
561.50;58.00
562.00;58.00
562.50;58.00
563.00;58.00
563.50;58.00
564.00;58.00
564.50;58.25
565.00;58.25
565.50;58.25
566.00;58.25
566.50;58.25
567.00;58.25
567.50;58.25
568.00;58.25
568.50;58.25
569.00;58.25
569.50;58.5
570.00;58.5
570.50;58.5
571.00;58.5
571.50;58.5
572.00;58.5
572.50;58.5
573.00;58.5
573.50;58.5
574.00;58.75
574.50;58.75
575.00;58.75
575.50;58.75
576.00;58.75
576.50;58.75
577.00;58.75
577.50;58.75
578.00;58.75
578.50;58.75
579.00;58.75
579.50;58.75
580.00;58.75
580.50;58.75
581.00;59.00
581.50;59.00
582.00;59.00
582.50;59.00
583.00;59.00
583.50;59.00
584.00;59.00
584.50;59.00
585.00;59.00
585.50;59.00
586.00;59.00
586.50;59.25
587.00;59.25
587.50;59.25
588.00;59.25
588.50;59.25
589.00;59.25
589.50;59.25
590.00;59.25
590.50;59.25
591.00;59.25
591.50;59.5
592.00;59.5
592.50;59.5
593.00;59.5
593.50;59.5
594.00;59.5
594.50;59.5
595.00;59.5
595.50;59.5
596.00;59.5
596.50;59.5
597.00;59.75
597.50;59.75
598.00;59.75
598.50;59.75
599.00;59.75
599.50;59.75
600.00;59.75
600.50;59.75
601.00;59.75
601.50;59.75
602.00;59.75
602.50;59.75
603.00;60.00
603.50;60.00
604.00;60.00
604.50;60.00
605.00;60.00
605.50;60.00
606.00;60.00
606.50;60.00
607.00;60.00
607.50;60.00
608.00;60.00
608.50;60.00
609.00;60.00
609.50;60.25
610.00;60.25
610.50;60.25
611.00;60.25
611.50;60.25
612.00;60.25
612.50;60.25
613.00;60.25
613.50;60.25
614.00;60.25
614.50;60.25
615.00;60.5
615.50;60.5
616.00;60.5
616.50;60.5
617.00;60.5
617.50;60.5
618.00;60.5
618.50;60.5
619.00;60.5
619.50;60.5
620.00;60.5
620.50;60.5
621.00;60.5
621.50;60.5
622.00;60.5
622.50;60.5
623.00;60.5
623.50;60.5
624.00;60.5
624.50;60.75
625.00;60.75
625.50;60.75
626.00;60.75
626.50;60.75
627.00;60.75
627.50;60.75
628.00;60.75
628.50;60.75
629.00;60.75
629.50;60.75
630.00;60.75
630.50;60.75
631.00;60.75
631.50;60.75
632.00;60.75
632.50;60.75
633.00;60.75
633.50;60.75
634.00;60.75
634.50;60.75
635.00;60.75
635.50;60.75
636.00;60.75
636.50;61.00
637.00;61.00
637.50;61.00
638.00;61.00
638.50;61.00
639.00;61.00
639.50;61.00
640.00;61.00
640.50;61.00
641.00;61.00
641.50;61.00
642.00;61.25
642.50;61.25
643.00;61.25
643.50;61.25
644.00;61.25
644.50;61.25
645.00;61.5
645.50;61.5
646.00;61.5
646.50;61.5
647.00;61.5
647.50;61.5
648.00;61.5
648.50;61.5
649.00;61.5
649.50;61.5
650.00;61.5
650.50;61.75
651.00;61.75
651.50;61.75
652.00;61.75
652.50;61.75
653.00;61.75
653.50;61.75
654.00;61.75
654.50;61.75
655.00;62.00
655.50;62.00
656.00;62.00
656.50;62.00
657.00;62.00
657.50;62.00
658.00;62.00
658.50;62.00
659.00;62.00
659.50;62.00
660.00;62.00
660.50;62.00
661.00;62.00
661.50;62.00
662.00;62.25
662.50;62.25
663.00;62.25
663.50;62.25
664.00;62.25
664.50;62.25
665.00;62.25
665.50;62.25
666.00;62.25
666.50;62.5
667.00;62.5
667.50;62.5
668.00;62.5
668.50;62.5
669.00;62.5
669.50;62.5
670.00;62.75
670.50;62.75
671.00;62.75
671.50;63.00
672.00;63.00
672.50;63.00
673.00;63.00
673.50;63.00
674.00;63.00
674.50;63.00
675.00;63.00
675.50;63.00
676.00;63.00
676.50;63.00
677.00;63.00
677.50;63.00
678.00;63.00
678.50;63.00
679.00;63.00
679.50;63.00
680.00;63.00
680.50;63.00
681.00;63.00
681.50;63.00
682.00;63.25
682.50;63.25
683.00;63.25
683.50;63.25
684.00;63.25
684.50;63.25
685.00;63.25
685.50;63.25
686.00;63.25
686.50;63.25
687.00;63.25
687.50;63.5
688.00;63.5
688.50;63.5
689.00;63.5
689.50;63.5
690.00;63.5
690.50;63.5
691.00;63.5
691.50;63.5
692.00;63.5
692.50;63.75
693.00;63.75
693.50;63.75
694.00;63.75
694.50;63.75
695.00;63.75
695.50;63.75
696.00;63.75
696.50;64.00
697.00;64.00
697.50;64.00
698.00;64.00
698.50;64.00
699.00;64.00
699.50;64.00
700.00;64.00
700.50;64.00
701.00;64.00
701.50;64.00
702.00;64.00
702.50;64.00
703.00;64.00
703.50;64.00
704.00;64.00
704.50;64.00
705.00;64.25
705.50;64.25
706.00;64.25
706.50;64.25
707.00;64.25
707.50;64.25
708.00;64.25
708.50;64.5
709.00;64.5
709.50;64.5
710.00;64.5
710.50;64.5
711.00;64.75
711.50;64.75
712.00;64.75
712.50;64.75
713.00;64.75
713.50;64.75
714.00;64.75
714.50;64.75
715.00;64.75
715.50;64.75
716.00;64.75
716.50;64.75
717.00;64.75
717.50;64.75
718.00;64.75
718.50;65.00
719.00;65.00
719.50;65.00
720.00;65.00
720.50;65.00
721.00;65.00
721.50;65.00
722.00;65.00
722.50;65.25
723.00;65.25
723.50;65.25
724.00;65.25
724.50;65.25
725.00;65.25
725.50;65.00
726.00;65.00
726.50;65.00
727.00;65.25
727.50;65.25
728.00;65.25
728.50;65.25
729.00;65.25
729.50;65.25
730.00;65.25
730.50;65.25
731.00;65.25
731.50;65.25
732.00;65.25
732.50;65.25
733.00;65.5
733.50;65.5
734.00;65.5
734.50;65.5
735.00;65.5
735.50;65.5
736.00;65.5
736.50;65.5
737.00;65.5
737.50;65.5
738.00;65.5
738.50;65.5
739.00;65.5
739.50;65.5
740.00;65.5
740.50;65.5
741.00;65.5
741.50;65.5
742.00;65.5
742.50;65.5
743.00;65.5
743.50;65.5
744.00;65.75
744.50;65.75
745.00;65.75
745.50;65.75
746.00;65.75
746.50;65.75
747.00;65.75
747.50;65.75
748.00;65.75
748.50;65.75
749.00;65.75
749.50;65.75
750.00;65.75
750.50;65.75
751.00;65.75
751.50;66.00
752.00;66.00
752.50;66.00
753.00;66.00
753.50;66.00
754.00;66.00
754.50;66.00
755.00;66.25
755.50;66.25
756.00;66.25
756.50;66.25
757.00;66.25
757.50;66.25
758.00;66.25
758.50;66.25
759.00;66.25
759.50;66.25
760.00;66.25
760.50;66.5
761.00;66.5
761.50;66.5
762.00;66.5
762.50;66.5
763.00;66.5
763.50;66.5
764.00;66.5
764.50;66.5
765.00;66.5
765.50;66.5
766.00;66.5
766.50;66.5
767.00;66.75
767.50;66.75
768.00;66.75
768.50;66.75
769.00;66.75
769.50;67.00
770.00;67.00
770.50;67.00
771.00;67.00
771.50;67.00
772.00;67.00
772.50;67.00
773.00;67.00
773.50;67.00
774.00;67.00
774.50;67.00
775.00;67.00
775.50;67.00
776.00;67.00
776.50;67.00
777.00;67.00
777.50;67.00
778.00;67.00
778.50;67.00
779.00;67.25
779.50;67.25
780.00;67.25
780.50;67.25
781.00;67.25
781.50;67.25
782.00;67.25
782.50;67.25
783.00;67.25
783.50;67.25
784.00;67.25
784.50;67.25
785.00;67.25
785.50;67.25
786.00;67.25
786.50;67.25
787.00;67.25
787.50;67.25
788.00;67.5
788.50;67.5
789.00;67.5
789.50;67.5
790.00;67.5
790.50;67.5
791.00;67.5
791.50;67.5
792.00;67.5
792.50;67.5
793.00;67.5
793.50;67.5
794.00;67.5
794.50;67.5
795.00;67.5
795.50;67.5
796.00;67.5
796.50;67.75
797.00;67.75
797.50;67.75
798.00;67.75
798.50;67.75
799.00;68.00
799.50;68.00
800.00;68.00
800.50;68.00
801.00;68.00
801.50;68.00
802.00;68.00
802.50;68.00
803.00;68.00
803.50;68.25
804.00;68.25
804.50;68.25
805.00;68.25
805.50;68.25
806.00;68.25
806.50;68.5
807.00;68.5
807.50;68.5
808.00;68.75
808.50;68.75
809.00;68.75
809.50;68.75
810.00;68.75
810.50;68.75
811.00;68.75
811.50;68.75
812.00;68.75
812.50;68.75
813.00;68.75
813.50;68.75
814.00;68.75
814.50;68.75
815.00;69.00
815.50;69.00
816.00;69.00
816.50;69.00
817.00;69.00
817.50;69.25
818.00;69.25
818.50;69.25
819.00;69.25
819.50;69.25
820.00;69.00
820.50;69.00
821.00;69.00
821.50;69.00
822.00;69.00
822.50;69.00
823.00;69.00
823.50;69.00
824.00;69.00
824.50;69.00
825.00;69.00
825.50;69.00
826.00;69.00
826.50;69.00
827.00;69.25
827.50;69.25
828.00;69.25
828.50;69.25
829.00;69.25
829.50;69.25
830.00;69.25
830.50;69.25
831.00;69.25
831.50;69.25
832.00;69.25
832.50;69.25
833.00;69.5
833.50;69.5
834.00;69.5
834.50;69.5
835.00;69.5
835.50;69.5
836.00;69.5
836.50;69.5
837.00;69.5
837.50;69.5
838.00;69.5
838.50;69.5
839.00;69.75
839.50;69.75
840.00;69.75
840.50;69.75
841.00;69.75
841.50;69.5
842.00;69.75
842.50;69.75
843.00;69.75
843.50;69.75
844.00;69.75
844.50;69.75
845.00;69.75
845.50;69.75
846.00;69.75
846.50;69.75
847.00;69.75
847.50;69.75
848.00;69.75
848.50;69.75
849.00;69.75
849.50;69.75
850.00;69.75
850.50;69.75
851.00;69.75
851.50;69.75
852.00;69.75
852.50;69.75
853.00;69.75
853.50;69.75
854.00;69.75
854.50;69.75
855.00;69.75
855.50;69.75
856.00;69.75
856.50;69.75
857.00;69.75
857.50;69.75
858.00;69.75
858.50;69.75
859.00;69.75
859.50;69.75
860.00;70.00
860.50;70.00
861.00;70.00
861.50;70.00
862.00;70.00
862.50;70.00
863.00;70.00
863.50;70.00
864.00;70.00
864.50;70.00
865.00;70.00
865.50;70.00
866.00;70.25
866.50;70.25
867.00;70.25
867.50;70.25
868.00;70.25
868.50;70.25
869.00;70.25
869.50;70.25
870.00;70.25
870.50;70.25
871.00;70.25
871.50;70.25
872.00;70.25
872.50;70.25
873.00;70.25
873.50;70.25
874.00;70.25
874.50;70.25
875.00;70.25
875.50;70.5
876.00;70.5
876.50;70.5
877.00;70.5
877.50;70.5
878.00;70.5
878.50;70.5
879.00;70.5
879.50;70.5
880.00;70.5
880.50;70.75
881.00;70.75
881.50;70.75
882.00;70.75
882.50;71.00
883.00;71.00
883.50;71.00
884.00;71.00
884.50;71.25
885.00;71.25
885.50;71.25
886.00;71.25
886.50;71.25
887.00;71.25
887.50;71.25
888.00;71.25
888.50;71.25
889.00;71.25
889.50;71.25
890.00;71.25
890.50;71.25
891.00;71.25
891.50;71.5
892.00;71.25
892.50;71.5
893.00;71.25
893.50;71.25
894.00;71.25
894.50;71.25
895.00;71.25
895.50;71.5
896.00;71.5
896.50;71.5
897.00;71.5
897.50;71.5
898.00;71.5
898.50;71.5
899.00;71.5
899.50;71.5
900.00;71.5
900.50;71.5
901.00;71.75
901.50;71.75
902.00;71.75
902.50;71.75
903.00;71.75
903.50;71.75
904.00;71.75
904.50;71.75
905.00;71.75
905.50;72.00
906.00;72.00
906.50;72.00
907.00;72.00
907.50;72.00
908.00;72.00
908.50;72.00
909.00;72.00
909.50;72.00
910.00;72.25
910.50;72.25
911.00;72.25
911.50;72.25
912.00;72.25
912.50;72.25
913.00;72.25
913.50;72.25
914.00;72.25
914.50;72.25
915.00;72.25
915.50;72.25
916.00;72.25
916.50;72.25
917.00;72.25
917.50;72.25
918.00;72.25
918.50;72.25
919.00;72.5
919.50;72.5
920.00;72.5
920.50;72.5
921.00;72.5
921.50;72.5
922.00;72.5
922.50;72.5
923.00;72.5
923.50;72.5
924.00;72.5
924.50;72.5
925.00;72.5
925.50;72.5
926.00;72.5
926.50;72.5
927.00;72.5
927.50;72.5
928.00;72.5
928.50;72.75
929.00;72.75
929.50;72.75
930.00;72.75
930.50;72.75
931.00;72.75
931.50;72.75
932.00;72.75
932.50;72.75
933.00;72.75
933.50;72.75
934.00;72.75
934.50;72.75
935.00;73.00
935.50;73.00
936.00;73.00
936.50;73.00
937.00;72.75
937.50;72.75
938.00;72.75
938.50;72.75
939.00;72.75
939.50;72.75
940.00;72.75
940.50;72.75
941.00;72.75
941.50;72.75
942.00;72.75
942.50;72.75
943.00;72.75
943.50;72.75
944.00;72.75
944.50;72.75
945.00;72.75
945.50;72.75
946.00;72.75
946.50;72.75
947.00;72.75
947.50;72.75
948.00;72.75
948.50;72.75
949.00;72.75
949.50;72.75
950.00;72.75
950.50;73.00
951.00;72.75
951.50;73.00
952.00;73.00
952.50;73.00
953.00;73.00
953.50;73.00
954.00;73.00
954.50;73.00
955.00;73.00
955.50;73.00
956.00;73.00
956.50;73.25
957.00;73.25
957.50;73.25
958.00;73.25
958.50;73.25
959.00;73.25
959.50;73.25
960.00;73.25
960.50;73.25
961.00;73.25
961.50;73.25
962.00;73.25
962.50;73.25
963.00;73.25
963.50;73.25
964.00;73.25
964.50;73.25
965.00;73.25
965.50;73.25
966.00;73.25
966.50;73.25
967.00;73.5
967.50;73.5
968.00;73.5
968.50;73.5
969.00;73.5
969.50;73.5
970.00;73.5
970.50;73.75
971.00;73.75
971.50;73.75
972.00;73.75
972.50;73.75
973.00;73.75
973.50;73.75
974.00;73.75
974.50;73.75
975.00;73.75
975.50;74.00
976.00;74.00
976.50;74.00
977.00;74.00
977.50;74.00
978.00;74.00
978.50;74.25
979.00;74.25
979.50;74.25
980.00;74.25
980.50;74.25
981.00;74.25
981.50;74.25
982.00;74.25
982.50;74.25
983.00;74.25
983.50;74.25
984.00;74.25
984.50;74.25
985.00;74.25
985.50;74.25
986.00;74.5
986.50;74.5
987.00;74.5
987.50;74.5
988.00;74.5
988.50;74.5
989.00;74.75
989.50;74.75
990.00;74.75
990.50;74.75
991.00;74.5
991.50;74.5
992.00;74.5
992.50;74.5
993.00;74.5
993.50;74.5
994.00;74.5
994.50;74.5
995.00;74.5
995.50;74.5
996.00;74.5
996.50;74.5
997.00;74.5
997.50;74.5
998.00;74.5
998.50;74.5
999.00;74.5
999.50;74.5
1000.00;74.5
1000.50;74.5
1001.00;74.5
1001.50;74.5
1002.00;74.75
1002.50;74.75
1003.00;74.75
1003.50;74.75
1004.00;74.75
1004.50;74.75
1005.00;74.75
1005.50;74.75
1006.00;74.75
1006.50;74.75
1007.00;74.75
1007.50;74.75
1008.00;74.75
1008.50;74.75
1009.00;74.75
1009.50;74.75
1010.00;74.75
1010.50;75.00
1011.00;75.00
1011.50;75.00
1012.00;75.00
1012.50;75.00
1013.00;75.25
1013.50;75.25
1014.00;75.25
1014.50;75.25
1015.00;75.25
1015.50;75.25
1016.00;75.25
1016.50;75.25
1017.00;75.25
1017.50;75.25
1018.00;75.25
1018.50;75.25
1019.00;75.25
1019.50;75.25
1020.00;75.25
1020.50;75.25
1021.00;75.25
1021.50;75.25
1022.00;75.25
1022.50;75.25
1023.00;75.25
1023.50;75.25
1024.00;75.25
1024.50;75.25
1025.00;75.25
1025.50;75.25
1026.00;75.25
1026.50;75.25
1027.00;75.25
1027.50;75.25
1028.00;75.25
1028.50;75.25
1029.00;75.25
1029.50;75.25
1030.00;75.25
1030.50;75.25
1031.00;75.25
1031.50;75.25
1032.00;75.25
1032.50;75.25
1033.00;75.25
1033.50;75.5
1034.00;75.5
1034.50;75.5
1035.00;75.5
1035.50;75.5
1036.00;75.5
1036.50;75.5
1037.00;75.5
1037.50;75.5
1038.00;75.5
1038.50;75.5
1039.00;75.5
1039.50;75.5
1040.00;75.5
1040.50;75.5
1041.00;75.5
1041.50;75.5
1042.00;75.5
1042.50;75.5
1043.00;75.5
1043.50;75.5
1044.00;75.5
1044.50;75.5
1045.00;75.5
1045.50;75.5
1046.00;75.5
1046.50;75.5
1047.00;75.5
1047.50;75.5
1048.00;75.75
1048.50;75.75
1049.00;75.75
1049.50;75.75
1050.00;75.75
1050.50;75.75
1051.00;75.75
1051.50;75.75
1052.00;75.75
1052.50;75.75
1053.00;75.75
1053.50;75.75
1054.00;75.75
1054.50;75.75
1055.00;75.75
1055.50;75.75
1056.00;75.75
1056.50;75.75
1057.00;76.00
1057.50;76.00
1058.00;76.00
1058.50;76.00
1059.00;76.00
1059.50;76.00
1060.00;76.00
1060.50;76.00
1061.00;76.00
1061.50;76.00
1062.00;76.00
1062.50;76.00
1063.00;76.00
1063.50;76.00
1064.00;76.00
1064.50;76.00
1065.00;76.00
1065.50;76.00
1066.00;76.00
1066.50;76.00
1067.00;76.00
1067.50;76.00
1068.00;76.00
1068.50;76.00
1069.00;76.00
1069.50;76.00
1070.00;76.00
1070.50;76.00
1071.00;76.00
1071.50;76.00
1072.00;76.00
1072.50;76.00
1073.00;76.25
1073.50;76.25
1074.00;76.25
1074.50;76.25
1075.00;76.25
1075.50;76.25
1076.00;76.25
1076.50;76.25
1077.00;76.25
1077.50;76.25
1078.00;76.25
1078.50;76.25
1079.00;76.25
1079.50;76.25
1080.00;76.25
1080.50;76.25
1081.00;76.25
1081.50;76.25
1082.00;76.25
1082.50;76.25
1083.00;76.25
1083.50;76.5
1084.00;76.5
1084.50;76.5
1085.00;76.5
1085.50;76.5
1086.00;76.5
1086.50;76.5
1087.00;76.75
1087.50;76.75
1088.00;76.75
1088.50;76.75
1089.00;76.75
1089.50;76.75
1090.00;76.75
1090.50;76.75
1091.00;76.75
1091.50;76.75
1092.00;76.75
1092.50;76.75
1093.00;76.75
1093.50;76.75
1094.00;76.75
1094.50;76.75
1095.00;76.75
1095.50;76.75
1096.00;76.75
1096.50;76.75
1097.00;76.75
1097.50;76.75
1098.00;76.75
1098.50;77.00
1099.00;77.00
1099.50;77.00
1100.00;77.00
1100.50;76.75
1101.00;77.00
1101.50;77.00
1102.00;77.00
1102.50;77.00
1103.00;77.00
1103.50;77.00
1104.00;77.00
1104.50;77.00
1105.00;77.00
1105.50;77.00
1106.00;77.00
1106.50;77.00
1107.00;77.00
1107.50;77.00
1108.00;77.00
1108.50;77.00
1109.00;77.25
1109.50;77.25
1110.00;77.25
1110.50;77.00
1111.00;77.25
1111.50;77.25
1112.00;77.25
1112.50;77.25
1113.00;77.25
1113.50;77.25
1114.00;77.25
1114.50;77.25
1115.00;77.25
1115.50;77.25
1116.00;77.25
1116.50;77.5
1117.00;77.5
1117.50;77.5
1118.00;77.5
1118.50;77.5
1119.00;77.5
1119.50;77.5
1120.00;77.5
1120.50;77.5
1121.00;77.5
1121.50;77.5
1122.00;77.5
1122.50;77.5
1123.00;77.5
1123.50;77.5
1124.00;77.5
1124.50;77.5
1125.00;77.5
1125.50;77.5
1126.00;77.5
1126.50;77.5
1127.00;77.5
1127.50;77.5
1128.00;77.5
1128.50;77.5
1129.00;77.5
1129.50;77.5
1130.00;77.75
1130.50;77.75
1131.00;77.75
1131.50;77.75
1132.00;77.75
1132.50;77.75
1133.00;77.75
1133.50;77.75
1134.00;77.75
1134.50;77.75
1135.00;77.75
1135.50;77.75
1136.00;78.00
1136.50;78.00
1137.00;78.00
1137.50;78.00
1138.00;78.00
1138.50;78.00
1139.00;78.00
1139.50;78.00
1140.00;78.00
1140.50;78.00
1141.00;78.00
1141.50;78.00
1142.00;78.00
1142.50;78.00
1143.00;78.00
1143.50;78.00
1144.00;78.00
1144.50;78.00
1145.00;78.00
1145.50;78.00
1146.00;78.00
1146.50;78.00
1147.00;78.00
1147.50;78.00
1148.00;78.00
1148.50;78.00
1149.00;78.00
1149.50;78.00
1150.00;78.00
1150.50;78.00
1151.00;78.00
1151.50;78.00
1152.00;78.00
1152.50;78.00
1153.00;78.00
1153.50;78.00
1154.00;78.00
1154.50;78.00
1155.00;78.00
1155.50;78.00
1156.00;78.00
1156.50;78.00
1157.00;78.00
1157.50;78.00
1158.00;78.00
1158.50;78.00
1159.00;78.00
1159.50;78.00
1160.00;78.25
1160.50;78.25
1161.00;78.25
1161.50;78.25
1162.00;78.25
1162.50;78.25
1163.00;78.25
1163.50;78.25
1164.00;78.25
1164.50;78.25
1165.00;78.25
1165.50;78.25
1166.00;78.25
1166.50;78.5
1167.00;78.5
1167.50;78.5
1168.00;78.5
1168.50;78.5
1169.00;78.5
1169.50;78.5
1170.00;78.5
1170.50;78.25
1171.00;78.25
1171.50;78.25
1172.00;78.25
1172.50;78.25
1173.00;78.25
1173.50;78.25
1174.00;78.5
1174.50;78.5
1175.00;78.5
1175.50;78.5
1176.00;78.5
1176.50;78.5
1177.00;78.5
1177.50;78.5
1178.00;78.5
1178.50;78.5
1179.00;78.5
1179.50;78.5
1180.00;78.5
1180.50;78.5
1181.00;78.5
1181.50;78.5
1182.00;78.5
1182.50;78.5
1183.00;78.5
1183.50;78.5
1184.00;78.5
1184.50;78.5
1185.00;78.5
1185.50;78.5
1186.00;78.5
1186.50;78.5
1187.00;78.5
1187.50;78.5
1188.00;78.5
1188.50;78.5
1189.00;78.5
1189.50;78.5
1190.00;78.5
1190.50;78.5
1191.00;78.5
1191.50;78.5
1192.00;78.5
1192.50;78.5
1193.00;78.5
1193.50;78.5
1194.00;78.5
1194.50;78.75
1195.00;78.75
1195.50;78.75
1196.00;78.75
1196.50;78.75
1197.00;78.75
1197.50;78.75
1198.00;78.75
1198.50;78.75
1199.00;78.75
1199.50;78.75
1200.00;78.75
1200.50;78.75
1201.00;78.75
1201.50;78.75
1202.00;78.75
1202.50;78.75
1203.00;78.75
1203.50;78.75
1204.00;78.75
1204.50;78.75
1205.00;78.75
1205.50;78.75
1206.00;78.75
1206.50;79.00
1207.00;79.00
1207.50;79.00
1208.00;79.00
1208.50;79.00
1209.00;79.00
1209.50;79.00
1210.00;79.00
1210.50;79.00
1211.00;79.00
1211.50;79.00
1212.00;79.00
1212.50;79.00
1213.00;79.00
1213.50;79.00
1214.00;79.00
1214.50;79.00
1215.00;79.00
1215.50;79.00
1216.00;79.00
1216.50;79.00
1217.00;79.00
1217.50;79.00
1218.00;79.25
1218.50;79.25
1219.00;79.25
1219.50;79.25
1220.00;79.25
1220.50;79.25
1221.00;79.25
1221.50;79.25
1222.00;79.25
1222.50;79.25
1223.00;79.25
1223.50;79.25
1224.00;79.25
1224.50;79.25
1225.00;79.25
1225.50;79.25
1226.00;79.25
1226.50;79.25
1227.00;79.25
1227.50;79.25
1228.00;79.25
1228.50;79.5
1229.00;79.5
1229.50;79.5
1230.00;79.5
1230.50;79.5
1231.00;79.5
1231.50;79.5
1232.00;79.5
1232.50;79.5
1233.00;79.5
1233.50;79.5
1234.00;79.5
1234.50;79.5
1235.00;79.5
1235.50;79.5
1236.00;79.5
1236.50;79.5
1237.00;79.5
1237.50;79.5
1238.00;79.5
1238.50;79.5
1239.00;79.5
1239.50;79.5
1240.00;79.5
1240.50;79.5
1241.00;79.5
1241.50;79.5
1242.00;79.5
1242.50;79.5
1243.00;79.5
1243.50;79.5
1244.00;79.5
1244.50;79.5
1245.00;79.5
1245.50;79.5
1246.00;79.5
1246.50;79.5
1247.00;79.75
1247.50;79.75
1248.00;79.75
1248.50;79.75
1249.00;79.75
1249.50;79.75
1250.00;79.75
1250.50;79.75
1251.00;79.75
1251.50;79.75
1252.00;79.75
1252.50;79.75
1253.00;79.75
1253.50;79.75
1254.00;79.75
1254.50;79.75
1255.00;79.75
1255.50;79.75
1256.00;79.75
1256.50;79.75
1257.00;79.75
1257.50;79.75
1258.00;79.75
1258.50;79.75
1259.00;79.75
1259.50;79.75
1260.00;79.75
1260.50;79.75
1261.00;79.75
1261.50;79.75
1262.00;79.75
1262.50;79.75
1263.00;79.75
1263.50;79.75
1264.00;79.75
1264.50;79.75
1265.00;79.75
1265.50;79.75
1266.00;79.75
1266.50;79.75
1267.00;79.75
1267.50;79.75
1268.00;79.75
1268.50;79.75
1269.00;79.75
1269.50;79.75
1270.00;79.75
1270.50;79.75
1271.00;79.75
1271.50;79.75
1272.00;80.00
1272.50;80.00
1273.00;80.00
1273.50;80.00
1274.00;80.00
1274.50;80.00
1275.00;80.00
1275.50;80.00
1276.00;80.00
1276.50;80.00
1277.00;80.00
1277.50;80.00
1278.00;80.00
1278.50;80.00
1279.00;80.00
1279.50;79.75
1280.00;80.00
1280.50;79.75
1281.00;80.00
1281.50;79.75
1282.00;80.00
1282.50;79.75
1283.00;79.75
1283.50;80.00
1284.00;79.75
1284.50;80.00
1285.00;79.75
1285.50;80.00
1286.00;80.00
1286.50;80.00
1287.00;80.00
1287.50;80.00
1288.00;80.00
1288.50;80.00
1289.00;80.00
1289.50;80.00
1290.00;80.00
1290.50;80.00
1291.00;80.00
1291.50;80.00
1292.00;80.00
1292.50;80.00
1293.00;80.00
1293.50;80.00
1294.00;80.00
1294.50;80.00
1295.00;80.00
1295.50;80.00
1296.00;80.00
1296.50;80.00
1297.00;80.00
1297.50;80.00
1298.00;80.00
1298.50;80.00
1299.00;80.00
1299.50;80.00
1300.00;80.00
1300.50;80.00
1301.00;80.00
1301.50;80.00
1302.00;80.00
1302.50;80.00
1303.00;80.00
1303.50;80.00
1304.00;80.00
1304.50;80.00
1305.00;80.00
1305.50;80.00
1306.00;80.00
1306.50;80.00
1307.00;80.00
1307.50;80.00
1308.00;80.00
1308.50;80.00
1309.00;80.00
1309.50;80.00
1310.00;80.00
1310.50;80.00
1311.00;80.00
1311.50;80.25
1312.00;80.25
1312.50;80.25
1313.00;80.25
1313.50;80.25
1314.00;80.25
1314.50;80.25
1315.00;80.25
1315.50;80.25
1316.00;80.25
1316.50;80.25
1317.00;80.25
1317.50;80.25
1318.00;80.25
1318.50;80.25
1319.00;80.25
1319.50;80.25
1320.00;80.25
1320.50;80.25
1321.00;80.25
1321.50;80.5
1322.00;80.5
1322.50;80.5
1323.00;80.5
1323.50;80.5
1324.00;80.5
1324.50;80.5
1325.00;80.5
1325.50;80.5
1326.00;80.5
1326.50;80.5
1327.00;80.5
1327.50;80.5
1328.00;80.5
1328.50;80.5
1329.00;80.5
1329.50;80.5
1330.00;80.75
1330.50;80.5
1331.00;80.5
1331.50;80.5
1332.00;80.75
1332.50;80.75
1333.00;80.75
1333.50;80.75
1334.00;80.75
1334.50;80.75
1335.00;80.75
1335.50;80.75
1336.00;80.75
1336.50;80.75
1337.00;80.75
1337.50;80.75
1338.00;80.75
1338.50;80.75
1339.00;80.75
1339.50;80.75
1340.00;80.75
1340.50;80.75
1341.00;80.75
1341.50;80.75
1342.00;80.75
1342.50;80.75
1343.00;80.75
1343.50;81.00
1344.00;81.00
1344.50;81.00
1345.00;81.00
1345.50;81.00
1346.00;81.00
1346.50;81.00
1347.00;81.00
1347.50;81.00
1348.00;81.00
1348.50;81.00
1349.00;81.00
1349.50;81.00
1350.00;81.00
1350.50;81.00
1351.00;81.00
1351.50;81.00
1352.00;81.00
1352.50;81.00
1353.00;81.00
1353.50;81.00
1354.00;81.00
1354.50;81.00
1355.00;81.00
1355.50;81.00
1356.00;81.00
1356.50;81.00
1357.00;81.00
1357.50;81.25
1358.00;81.25
1358.50;81.25
1359.00;81.25
1359.50;81.25
1360.00;81.25
1360.50;81.25
1361.00;81.25
1361.50;81.25
1362.00;81.25
1362.50;81.25
1363.00;81.25
1363.50;81.25
1364.00;81.25
1364.50;81.25
1365.00;81.25
1365.50;81.25
1366.00;81.25
1366.50;81.25
1367.00;81.25
1367.50;81.25
1368.00;81.25
1368.50;81.25
1369.00;81.25
1369.50;81.25
1370.00;81.25
1370.50;81.25
1371.00;81.25
1371.50;81.25
1372.00;81.25
1372.50;81.25
1373.00;81.25
1373.50;81.25
1374.00;81.25
1374.50;81.25
1375.00;81.25
1375.50;81.25
1376.00;81.25
1376.50;81.25
1377.00;81.25
1377.50;81.5
1378.00;81.25
1378.50;81.25
1379.00;81.25
1379.50;81.25
1380.00;81.25
1380.50;81.25
1381.00;81.25
1381.50;81.25
1382.00;81.25
1382.50;81.25
1383.00;81.5
1383.50;81.5
1384.00;81.25
1384.50;81.5
1385.00;81.5
1385.50;81.5
1386.00;81.5
1386.50;81.5
1387.00;81.5
1387.50;81.5
1388.00;81.5
1388.50;81.5
1389.00;81.5
1389.50;81.5
1390.00;81.5
1390.50;81.5
1391.00;81.5
1391.50;81.5
1392.00;81.5
1392.50;81.5
1393.00;81.5
1393.50;81.5
1394.00;81.5
1394.50;81.5
1395.00;81.5
1395.50;81.5
1396.00;81.5
1396.50;81.5
1397.00;81.5
1397.50;81.5
1398.00;81.5
1398.50;81.5
1399.00;81.5
1399.50;81.5
1400.00;81.5
1400.50;81.5
1401.00;81.5
1401.50;81.5
1402.00;81.5
1402.50;81.5
1403.00;81.5
1403.50;81.5
1404.00;81.5
1404.50;81.5
1405.00;81.5
1405.50;81.5
1406.00;81.5
1406.50;81.5
1407.00;81.5
1407.50;81.75
1408.00;81.75
1408.50;81.75
1409.00;81.75
1409.50;81.75
1410.00;81.75
1410.50;81.75
1411.00;81.75
1411.50;81.75
1412.00;81.75
1412.50;81.75
1413.00;81.75
1413.50;81.75
1414.00;81.75
1414.50;81.75
1415.00;81.75
1415.50;81.75
1416.00;81.75
1416.50;81.75
1417.00;81.75
1417.50;81.75
1418.00;81.75
1418.50;81.75
1419.00;82.00
1419.50;82.00
1420.00;82.00
1420.50;82.00
1421.00;82.00
1421.50;82.00
1422.00;82.00
1422.50;82.00
1423.00;82.00
1423.50;82.00
1424.00;82.00
1424.50;82.00
1425.00;82.00
1425.50;82.00
1426.00;82.00
1426.50;82.00
1427.00;82.00
1427.50;82.00
1428.00;82.00
1428.50;82.00
1429.00;82.00
1429.50;82.00
1430.00;82.00
1430.50;82.00
1431.00;82.25
1431.50;82.25
1432.00;82.25
1432.50;82.25
1433.00;82.25
1433.50;82.25
1434.00;82.25
1434.50;82.25
1435.00;82.25
1435.50;82.25
1436.00;82.25
1436.50;82.25
1437.00;82.25
1437.50;82.25
1438.00;82.25
1438.50;82.25
1439.00;82.25
1439.50;82.25
1440.00;82.25
1440.50;82.25
1441.00;82.25
1441.50;82.25
1442.00;82.25
1442.50;82.25
1443.00;82.25
1443.50;82.25
1444.00;82.25
1444.50;82.25
1445.00;82.25
1445.50;82.25
1446.00;82.25
1446.50;82.25
1447.00;82.25
1447.50;82.25
1448.00;82.25
1448.50;82.25
1449.00;82.25
1449.50;82.25
1450.00;82.25
1450.50;82.25
1451.00;82.25
1451.50;82.25
1452.00;82.25
1452.50;82.25
1453.00;82.25
1453.50;82.25
1454.00;82.25
1454.50;82.25
1455.00;82.25
1455.50;82.25
1456.00;82.25
1456.50;82.25
1457.00;82.25
1457.50;82.25
1458.00;82.25
1458.50;82.25
1459.00;82.25
1459.50;82.25
1460.00;82.25
1460.50;82.25
1461.00;82.25
1461.50;82.25
1462.00;82.25
1462.50;82.25
1463.00;82.25
1463.50;82.25
1464.00;82.25
1464.50;82.25
1465.00;82.25
1465.50;82.25
1466.00;82.25
1466.50;82.25
1467.00;82.25
1467.50;82.25
